{
  "summary": {
    "audio_info": {
      "duration_seconds": 983.9388794567058,
      "duration_formatted": "0:16:23"
    },
    "processing_summary": {
      "total_sentences": 783,
      "total_speakers": 18,
      "speaker_sentence_counts": {
        "speaker3": 394,
        "TARGET": 249,
        "speaker2": 140
      },
      "target_speaker": "SPEAKER_03"
    },
    "timing": {
      "total_processing_seconds": 909.8515117168427,
      "breakdown": {
        "download": 0.0,
        "transcode": 0.0,
        "asr": 94.73582720756531,
        "diarization": 806.5768821239471,
        "matching": 8.5388023853302
      }
    },
    "diarization_info": {
      "speaker_stats": {
        "SPEAKER_07": 22.98811544991625,
        "SPEAKER_14": 35.05942275042295,
        "SPEAKER_13": 12.020373514431014,
        "SPEAKER_16": 84.66893039049233,
        "SPEAKER_12": 10.780984719864932,
        "SPEAKER_06": 20.11884550084912,
        "SPEAKER_03": 298.2852292020368,
        "SPEAKER_00": 7.741935483871146,
        "SPEAKER_02": 48.641765704583804,
        "SPEAKER_17": 87.57215619694296,
        "SPEAKER_01": 26.70628183361623,
        "SPEAKER_11": 28.641765704583122,
        "SPEAKER_04": 177.26655348047643,
        "SPEAKER_09": 47.3174872665536,
        "SPEAKER_08": 33.78607809847131,
        "SPEAKER_15": 19.202037351443778,
        "SPEAKER_05": 14.142614601018522,
        "SPEAKER_10": 8.998302207131474
      }
    },
    "speaker_match": {
      "SPEAKER_07": {
        "is_target": 